SKU	FNSKU	ASIN	商品コード	商品名	表示/非表示	最小ロット	危険物フラグ	消費期限フラグ	消費税率	商品評価	季節性(春)	季節性(夏)	季節性(秋)	季節性(冬)
00-KOU9-B1OP	X001BBX0EP	B07FCVZ4R1		NEW プラネットサーフ ラスティングアイブロウ ブラウン PLANET SURF プラネットサーフ アイブロウ ウォータープルーフ リキッド ラスティングアイブロウ PLANET SURF プラネットサーフ アイブロウ ウォータープルーフ リキッド 長時間続く 防水 3D 自然	TRUE	1	FALSE	FALSE	1.1		FALSE	FALSE	FALSE	FALSE
0R-X703-9392	X001BF8PZF	B087YKHMZT		ガーネッシュ インセンススティック 100本入 WHITE MUSK	TRUE	1	FALSE	FALSE	1.1		FALSE	FALSE	FALSE	FALSE
14-7ZQP-D90K	X001BAEZWR	B007XQN574		レビオナ化粧品エフェクトクリーム天然イオン配合	TRUE	1	FALSE	FALSE	1.1		FALSE	FALSE	FALSE	FALSE
19-D8LT-42KS	X001BF8PN7	B00M8UURXK		アカラン エッセンシャルウォータージェル250g お徳用サイズ 数量限定 化粧水 美容液 乳液 オールインワン オールインワンジェル スキンケア 無添加 乾燥肌 敏感肌	TRUE	1	FALSE	FALSE	1.1		FALSE	FALSE	FALSE	FALSE
1R-BSH4-QSX6	X001BF5V4N	B0995M7NF8		オキナ 薬用 マウスウォッシュ ロングスピン 【医薬部外品】日本製 個包装 携帯 (100個入, X/ミント)	TRUE	1	FALSE	FALSE	1.1		FALSE	FALSE	FALSE	FALSE
20250725-278-11	X001B4492J	B0DQ4VNNDN		いなばペットフード クランキーちゅ~る和え贅沢バラエティ 20g×10本	TRUE	1	FALSE	FALSE	1.1		FALSE	FALSE	FALSE	FALSE
34-5DZX-V311	X001BAODID	B09KG8BVQM		SBI BEST NMN 9000mg 30日分 60粒 エイジングケア サプリ プレミアム サプリメント 美容	TRUE	1	FALSE	FALSE	1.1		FALSE	FALSE	FALSE	FALSE
3H-IPEG-E0IK	X001BAV5YD	B08Q9KZLY4		旭研究所 業務用ハイドロキノン 5% クリーム大容量15g 医師の管理下で使われているハイドロキノン5%	TRUE	1	FALSE	FALSE	1.1		FALSE	FALSE	FALSE	FALSE
45-HBQI-E4DH	X001BFCKC9	B005DJ6PQQ		オキナ 薬用 マウスウォッシュ ロングスピン 13ml 【医薬部外品】日本製 個包装 携帯 ＜100個入＞ (ROSE／ロゼ)	TRUE	1	FALSE	FALSE	1.1		FALSE	FALSE	FALSE	FALSE
4N-TYYG-7MOA	X001BAOGAD	B015IGYINU		ブレーンコスモス イポケアEX 化粧箱付き 18ML 18ミリリットル (x 1)	TRUE	1	FALSE	FALSE	1.1		FALSE	FALSE	FALSE	FALSE
5X-IMQE-57IY	X001BARAOR	B004685S7W		胡粉ネイル スーパーコート	TRUE	1	FALSE	FALSE	1.1		FALSE	FALSE	FALSE	FALSE
6N-FGDZ-1ZSS	X001BL5E21	B07L9PCB8Y		アネリアナチュラル トリートメントマスカラ（ブラック） 1個 (x 1)	TRUE	1	FALSE	FALSE	1.1		FALSE	FALSE	FALSE	FALSE
6Q-EQX4-HZ2P	X001BLBH81	B0924LCQ74		機能性表示食品 快通ハーブ粒 120粒	TRUE	1	FALSE	FALSE	1.1		FALSE	FALSE	FALSE	FALSE
79-GUS1-75NV	X001BAV6U1	B00CF6YMZ6		鳴尾化学研究所 ロオナ ジャンティ トリートメント1000g	TRUE	1	FALSE	FALSE	1.1		FALSE	FALSE	FALSE	FALSE
7T-Y9PY-MRKA	X001BDQX15	B01LYPSYHL		舞妓夢コロン 山梔子/くちなしの香り 20ミリリットル (x 1)	TRUE	1	FALSE	FALSE	1.1		FALSE	FALSE	FALSE	FALSE
81-SXIF-2AHV	X001BAV4PN	B00IR2XET2		カプレーブ UV-AB プロテクター 4+（顔・体用）SPF50+ PA++++ 60ｇ	TRUE	1	FALSE	FALSE	1.1		FALSE	FALSE	FALSE	FALSE
9S-9WLL-XJ0N	X001BEUET1	B0BH2YC89R		SHIROKU（シロク） デンタル ペースト リニューアルver.2.0 ホワイトニング 歯 歯磨き粉 ハミガキ 口臭 ケア 自然由来 光触媒 アパタイト	TRUE	1	FALSE	FALSE	1.1		FALSE	FALSE	FALSE	FALSE
A7-YME1-CT7L	X001BIEMD1	B07H6F4NMQ		オーラルピース クリーン&モイスチュア D 80g×2 80グラム (x 2)	TRUE	1	FALSE	FALSE	1.1		FALSE	FALSE	FALSE	FALSE
C3-CM8M-V0G3	X001BE0J69	B08SWWZBVK		ショーワグローブ(Showaglove) くうきれい エアコン送風ファン洗浄剤ムース、リンス AFC-503	TRUE	1	FALSE	FALSE	1.1		FALSE	FALSE	FALSE	FALSE
CS-0J7J-TYSV	X001BPR8ZX	B0761NMQS1		京コスメ 舞妓夢コロン 金木犀/きんもくせいの香り 単品 20ミリリットル (x 1)	TRUE	1	FALSE	FALSE	1.1		FALSE	FALSE	FALSE	FALSE
D5-8KXM-REA2	X001BF2OTD	B015BLF8AY		環境ダイゼン 【大容量】バイオで消臭 抗菌 きえ〜る室内用 バイオ消臭液 無香 詰替用 特大サイズ 4L	TRUE	1	FALSE	FALSE	1.1		FALSE	FALSE	FALSE	FALSE
EM-83I1-TZQM	X001BLABSX	B07YS6RV7J		アネリアナチュラル トリートメントマスカラ BR ブラウン(7ml)	TRUE	1	FALSE	FALSE	1.1		FALSE	FALSE	FALSE	FALSE
G0-13O8-BCM0	X001BFCNB7	B01AOUH9Y0		オキナ 薬用 マウスウォッシュ ロングスピン 13ml 【医薬部外品】日本製 個包装 携帯 ＜100個入＞ (ZERO／シトラスミント（ノンアルコール）)	TRUE	1	FALSE	FALSE	1.1		FALSE	FALSE	FALSE	FALSE
GJ-T6AY-SP6A	X001BF5WJH	B009RHM38Y		【大容量】天然成分 ペットにも安心安全の消臭液 きえ〜るペット用 バイオ消臭液 無香 詰替用 特大サイズ 4L	TRUE	1	FALSE	FALSE	1.1		FALSE	FALSE	FALSE	FALSE
IG-7R9N-WKWK	X001BAUX5F	B00HW0ZD12		アカラン エッセンシャルウォータージェル120g 化粧水 美容液 乳液 オールインワン オールインワンジェル クリーム スキンケア 無添加 乾燥肌 敏感肌 長時間保湿	TRUE	1	FALSE	FALSE	1.1		FALSE	FALSE	FALSE	FALSE
IZ-ZO9F-ARKP	X001BLUUPH	B09F92NWCB		【2個セット】大香 moumou リードディフューザー リネン 100ml ルームフレグランス ルームディフューザー 芳香剤	TRUE	1	FALSE	FALSE	1.1		FALSE	FALSE	FALSE	FALSE
LW-RM3U-ABJX	X001BAS9MJ	B07MX2MQYW		近大サプリ 青みかん 270粒	TRUE	1	FALSE	FALSE	1.1		FALSE	FALSE	FALSE	FALSE
N5-LNU1-KJ2Q	X001BLBUSX	B082125T21		美ハリおやすみ眉間シート【2個セット】	TRUE	1	FALSE	FALSE	1.1		FALSE	FALSE	FALSE	FALSE
OM-FKUC-ETWV	X001BL5D27	B07X3VVBNW		ヘアスカルプディープマスク	TRUE	1	FALSE	FALSE	1.1		FALSE	FALSE	FALSE	FALSE
Q0-QTC7-88JE	X001BKF2RJ	B00DFS74BM		メンズ眉墨 2個セット	TRUE	1	FALSE	FALSE	1.1		FALSE	FALSE	FALSE	FALSE
QI-WCJM-NKIM	X001BAOELT	B004D28GJI		ナルオ ロオナ ジャンティ シャンプー1000ml 詰替え	TRUE	1	FALSE	FALSE	1.1		FALSE	FALSE	FALSE	FALSE
QU-5S4R-YHBD	X001BF8QEP	B000FQPZOU		生活アートクラブ 森の生活 ゴキのテキ 台所害虫用 置き型タイプ 10個入	TRUE	1	FALSE	FALSE	1.1		FALSE	FALSE	FALSE	FALSE
R3-HNLE-H9K2	X001BEUDKV	B0DCJL7ZQC		イポケアEXジェルパッチ 25g 首元 顔 デコルテ用 ジェルパック 医薬部外品 角質ケア サリチル酸 ハトムギエキス配合 日本製 ぽつぽつケア 無香料 無着色 ブレーンコスモス	TRUE	1	FALSE	FALSE	1.1		FALSE	FALSE	FALSE	FALSE
R8-BMH3-G9J4	B00QM4MR36	B00QM4MR36		沖縄子育て良品 ノンノン 殺虫剤不使用 人体無害 天然成分 ハーブ アロマ　ピレスロイド系薬剤など不使用	TRUE	1	FALSE	FALSE	1.1		FALSE	FALSE	FALSE	FALSE
RE-T8SL-U1DW	X001BF0YK9	B009RHAZ5W		環境ダイゼン 環境大善 きえ~る 消臭液 ペット用 詰め替え 1L 無香 抗菌 無色透明 天然成分100% 日本製 H-KP-1LT	TRUE	1	FALSE	FALSE	1.1		FALSE	FALSE	FALSE	FALSE
RQ-WM6W-R6I2	X001BAAS7X	B0042RS10S		ディアトリベー 犬 猫 用 くし ピロコーム(R) やわらかめ E1 日本製	TRUE	1	FALSE	FALSE	1.1		FALSE	FALSE	FALSE	FALSE
TF-CGF9-UE5Z	X001BE0HXJ	B0B6F8K8FQ		コスメ・デ・ボーテ ジェルミーワン スターターボックスC	TRUE	1	FALSE	FALSE	1.1		FALSE	FALSE	FALSE	FALSE
UU-S0S2-9AE6	X001BBUTHB	B07FJR3V8G		NEW プラネットサーフ ラスティングアイブロウ グレー PLANET SURF プラネットサーフ アイブロウ ウォータープルーフ リキッド 長時間続く 防水 3D 自然 (グレー)	TRUE	1	FALSE	FALSE	1.1		FALSE	FALSE	FALSE	FALSE
UZ-MIN7-6IVE	X001BAOGR1	B004D28GIO		鳴尾化学研究所 ロオナ ジャンティ シャンプー400ml	TRUE	1	FALSE	FALSE	1.1		FALSE	FALSE	FALSE	FALSE
VC-3S1J-M977	X001BAVLGZ	B0196ET9SE		美ハリ おやすみ眉間シート 眉間用オイルゲルシート 美容成分密着	TRUE	1	FALSE	FALSE	1.1		FALSE	FALSE	FALSE	FALSE
VG-5IP2-UW7X	X001BEYK7D	B0166FDTXM		快調乳糖（10袋入）【1箱】	TRUE	1	FALSE	FALSE	1.1		FALSE	FALSE	FALSE	FALSE
VV-8L7B-H8M6	X001BAV6AV	B075QK4QF1		ORALPEACE(オーラルピース) クリーン&モイスチュア 80グラム (x 1) ((グリーン))	TRUE	1	FALSE	FALSE	1.1		FALSE	FALSE	FALSE	FALSE
VX-ND05-BT46	X001BF8WXP	B0DK3FL53M		まねまねシリーズ まねまね シマエナガ 2708 016	TRUE	1	FALSE	FALSE	1.1		FALSE	FALSE	FALSE	FALSE
XM-GPQ9-JEMH	X001BL96F7	B0019OOBHE		アステリア メデッサスキン クリーム(スキンプロテクトクリ ーム)	TRUE	1	FALSE	FALSE	1.1		FALSE	FALSE	FALSE	FALSE
XV-8UT6-A1VR	X001BAVL5V	B00131BVE4		ウメケン有機梅肉エキス粒　 90g（約600粒）	TRUE	1	FALSE	FALSE	1.1		FALSE	FALSE	FALSE	FALSE
XW-1ZXC-1DSC	X001BAODUV	B07Q4NMYVS		Protect J1 長時間持続型保護クリーム お徳用150ml	TRUE	1	FALSE	FALSE	1.1		FALSE	FALSE	FALSE	FALSE
XZ-QFWN-VTLH	X001BFYTZF	B071YP2D6N		ウォータークチュールピュアシャワー（浄水）カートリッジ 3個セット WWC301	TRUE	1	FALSE	FALSE	1.1		FALSE	FALSE	FALSE	FALSE
3T-9M59-922H	X001BL5E85	B07T1B2CV9		大香 MOU MOU リードディフューザー リネン 100mL 3個セット	TRUE	1	FALSE	FALSE	1.1		FALSE	FALSE	FALSE	FALSE
CB-4NIF-VIBX	X001BAWB2X	B00W6E28ZI		ビナ薬粧 メンズ眉墨 2個セット	TRUE	1	FALSE	FALSE	1.1		FALSE	FALSE	FALSE	FALSE
DW-YLC4-YAO1	X001BEUALX	B01N0GINCW		セブンデイズアートアイブロウダークブラウン	TRUE	1	FALSE	FALSE	1.1		FALSE	FALSE	FALSE	FALSE
JG-70WW-0ARP	X001BAUMY7	B005LARGN8		ハーティーハート ティートリーシャンプー 詰替用 420ml	TRUE	1	FALSE	FALSE	1.1		FALSE	FALSE	FALSE	FALSE
L7-V2JW-4XVW	X001BLBTDT	B09WMBYRS3		大香 ガーネッシュ ファブリックミスト No.8	TRUE	1	FALSE	FALSE	1.1		FALSE	FALSE	FALSE	FALSE
RX-C0JJ-CO65	X001BAS9TR	B072FJNRYF		旭研究所 業務用ハイドロキノン 10g	TRUE	1	FALSE	FALSE	1.1		FALSE	FALSE	FALSE	FALSE
TP-QTLF-4KG0	X001BPHYB1	B003BTO3BO		マコモ (粉末) 190g	TRUE	1	FALSE	FALSE	1.1		FALSE	FALSE	FALSE	FALSE
WW-IG7F-CGG8	B0BGRK1CVN	B0BGRK1CVN		アサヒクッキンカット ゴム まな板 抗菌 家庭用 S 日本製 240×210×13mm NE05701	TRUE	1	FALSE	FALSE	1.1		FALSE	FALSE	FALSE	FALSE
WY-8Q7N-JI34	X001BF2EDJ	B008ONSTFS		フェアユング プロバイオティクス K12 30粒	TRUE	1	FALSE	FALSE	1.1		FALSE	FALSE	FALSE	FALSE
YY-TQ4X-IAPC	X001BAASLJ	B097PF9M7V		彩生舎 ナチュールアクアクリーム 水の彩 みずのいろどり 保湿クリーム 120g チューブ 1000113120	TRUE	1	FALSE	FALSE	1.1		FALSE	FALSE	FALSE	FALSE
ZV-DG8M-1Q14	X001BEUDEH	B002SW2QWI		オリエン お肌断食水ローション 詰め替え用 500ml	TRUE	1	FALSE	FALSE	1.1		FALSE	FALSE	FALSE	FALSE